Id,Predicted
0,.sOinkRIsiGDhkasthvAnhmhlzWudnathfektDhbilfrAnhmhlRIsrcsignifikhtlI!.
1,.SemakAzintRhsintelhviZhnAndREdIOstEShnz.enrjIsrvishzRIlistEtAndventrkAphthl.
2,..bRitiSkhmp?UtrbRwnzlyksinkleRAnEkaRntHAvblUmdbhtkWiklIfEid.piRIhd_.
3,..HIsyz.htkhnditkaRnItisEDhtb?Uzikizhg?UnhvrsObyiGlijbyDhtRIlIEtiz.
4,.?etIvinetEtIsiksHIizkhnsedrdDhkhntRIzmOsdynAmikphlithkhlfig?r_.
5,.bhtDeRpap?hleRhtIgRUpslOI.DRkhztRAnzmeShnofhnWhslhgiSkamh_pRintiGmesI.hndmhSIInzkudhn.dhbhlkWOt.to.dhbhlkWOt.tUUIchDrtizfiShntlI.iRIh.
6,.DhpIphlzpaRtIkadREtmUvdinthkIpphsiShnzhneRIhzHAvphblikAdminhstREShninklUdiGHelT_ejhkEShn!WEbr_foRhnRIlEShnzhndAgRI.
7,..sIprvyzrztOltiDidhvIdidtSEvkamh@UWudbItRAntsritUhphziShnkamh+AthlOrsAlrIkamh@DhdidthnvalvphblikkantAkt.piRIhd.
8,.inhshpRhthnsithnt.h?UesdistRYrfyrdmhSIndhnWrniGSatshtUsmolhnydethfydbOtsDhthpROcDhkanmY@.
9,..mInylkamh@DI?EldAnmenIm?UnisiphlRevhn?UbanzHAzbinHhvriGrwtEtAndWhnETprsent.piRIhd_.
10,.OnlIhf?UzstEtsRiklyrhnimplEmhntkamphnsEShnfrlaktwtWrkrz.
11,..olsikstInAnhlhsinDhsrvEpRidikIstRoGrTrdkWRtrDhnDhslhghS.sekhnkWoRtr.piRIhd!.
12,.AndvEmEbIEbhlugethWEWiThlatmaRhDIUzphlblishtinDhnUUvrzWiTwt!diviG@hp!mhc@RIgw.
13,..WylnatRUliGwtDhtDI?UeskrensIkuddiklynOvrtym_mistrlipskI~hvselhmhn.sezHITiGksDhjuRIhstilwt.
14,._DhgWaRhdIh@HAzOnlIfiftIsevhngEtsbhtAtpIkwrz.dhzhnz~hvmoRplEnzmEbIanhgRwnd_.
15,.DhfrmseditdhzhnkamentanitstakRekhvhdEShnzoRrEtiGzesthmht.
16,.bikhzDhkhnsrvhntivpaRthtkhntROlzDhpyRlhdhnt.DhWinrhvDhtappaRtIpOstosObikhmzpRymthminhstr@.
17,.maRkitAkShnWhzisenshlIdDyjhstIhn.WenzdEHizRAli.
18,.isikstIHyfhndEthsikstIfyvHyfhndEshplyizthnsidrdkhmtRhbhl.piRIhd.
19,..pItrAfbeRIshkstIdzmistrkhniRinWaSiGthnAzhvyspRezhdhnt!.
20,..foRmhnsHIHAdshfrdnytsWitsfIrzAtWEtlos!.
21,.shmitsHAvDeRphlithkhlbenhfitshvkoRs_natlIstDhtDhpRezhdent.damhmEtsDhn?UUz.
22,.mistrkAtshnbrdksedn?UzrkhnphbliSiGoReRIhstisnUWudfrDriksploRWiTDhmapis.piRIhd!.
23,.injAn?UWyRIDIeRhbikspIkiGmidIst.eksprt.mistrmatfiROs@aT_rRyvtitEcaRjhvDhdelhgEShn!.
24,.AzmizkhmdOlhnmistrnlOsIi.swTHAfrkhzsentRhlghvrnmhnt.izlykhbig~lhmbrriGtAGk!.
25,.DETiGkstElIthdE~izhnIvidbetrbREkhpplEDAninnyntInEtIsiksWindRekshlhnditsklyhntshk?Um?hlytidDhstakpiRIhd.
26,..IvinibWil?hnzanhfloRvDhnUoRkstakikscEnjWhztemprdbyfUklIbIAhn.
27,.itnvyditRezdImzthdoRinikhmitItUeRDeRgRybshgemstDhkhmphnIAnddiskhstshlUShnz.
28,..DhfiShlzhntigOsthgwtbhsedDhplEnignoRdrkWeststUlAndAftrintrInHhndrineRIhz.
29,.stil!kamh@DhbukiznatintendidezEkafIHyfhntEbhldisplEpIs.piRIhd.
30,.lAstWIk.kamhDhprRUvIhnghvrnmhntoRdrdDhtolsOvrpRhdUstbystEkHyfhnOndmyndzmhstbIsOdthDhsentRhlbAGk.piRIhd.
31,.DhfilhpIhnmilhteRIsAtitHAdhnkhvrdhplAtmykam?hnhstgRiliztikilRItyrd?UesmEjrjenrhlsiGglwb_.
32,..DhfIonDhgRInoRbEsik!kaRdWuldzhmptUfiftifyvdalr.
33,.!shmsoRshsedshmvDhlestRhdiShnhlHOldrzhvjenrwld.d@hpbeljIksSeRzkudbItemptiHidbyDhpRasphkthvkAphthlgEnz.
34,.bhtDhcynIzHyfhnbyktkhmeRhRUziztistRoGdhstfoRhsinDhTRIHyfhnpaRtIURIzisthnskolliShn.kamh_hnddykrrsEitmhstHevrROl.piRIhd!.
35,..hndrDhbywlplAnkamh+shntr+hntAnztUbigenEkAStendrofrfrolhvAlhgEnIzSeRzwtstAndiGbyfRydE.piRIhd.
36,.mistrpOlrolsO@OjDhfAShnkhmphnI!.
37,.DhRESOsignalthsyvhtDhmaRkitssevhnkoRtrlIdwntrnsinDhnyntInsevhntUtUEtIsevhnpiRIhd.piRIhd.
38,..AndbIsydzkamh@nAmWhzhloGtymhgO.piRIhd!.
39,.HwevrinkRIsiGDhkasthvRIsrcAnhmhlzSudmOthvEtRisrcrhsnattUWEsDhmanmeRlIkuRIhsoRRipetithvsthdIz.
40,.penzYlHAzbhnfRediGOvrDhtitElzHAvmUviGDhmhniG+evrsn!.
41,..lAstHyfhnDenit.nIdIEShnhtwnpsfwndrdOvrDI?iSUzOvpwrHyfhnSeRIn_AndpIsHyfhnmanhtsRUhn.piRIhd.
42,.bhtlukrlithlfrDr.dASDeRaRhWEzrwntHyriGfRIshz.piRIhd.
43,.mIntymmoRdhpaRcrzlUmenIfiRzDhtDIaprtUnhtIhzrlR!.
44,..HIvAl?UzDhpEplynAsetshTRIbil?hndalrz+shmykOlhn_DhSip.bildiGaprEShnzh.tUbil?hndalrz.shmikOlhn.AndDI~athmOtiv?UnitAtmoRDhnWhnbil?hndalrz.piRIhd_.
45,.nUmrhskamrAdzWrhpYntid.mOstivRUngRAjREtidfrm?UnhvrshtIshnkamhnhstblaknEShnz.
46,.itmEbIDhvaRstRhkcrhndmhlthklishtIhvkoRprEShnzizhnDhmOstifektidfrDhf?Ucr_.
47,..joRdjIaRkhnrtDhsekhnt.WhznEmdtiDhn?UpOsthvsIn?urvyspRezhdhdent.intaRjhvloGREnjplAniGhnrlEtidghvrmhntRIlEShnz.
48,.DhRisOltbizpahlRh.
49,..WIkAdbIdagmAtikhbwtit.piRIhddhbhlkWOt.
50,.AdzjemhdiviZhnmAnincrfoRRItEvr.itshdogIkdolgWrO!.
51,..itizhpanhSiGkamh-AtofhndishpYntiGikspiRIhpspiRIhd.
52,.DEklEm~DishksIdidinDhshbjektivkamh@bhtjhjsOfewR+sezDhRekrd.SRizhsOvIetsnevrhgRIddut_semikOlhn_ifDEdidentkamh@WyShnWI!kWeschmaRk!.
53,.inshminsthnsUzkamh@RAmhnjhmAmkezlaRniGhvDIzmIdiGsRUWelHyfhnplEst!mOlz.piRIhd.
54,..WIvrjhntulmhn+hbwtit.piRIhd!.
55,..?UesWrSipshndHelhkaptrz_cEsthWEAnRanIhndWyRShHApfrmhkanvlyhfRkhEtItAGkrizinDhpRiZhnghlf!.
56,.DhREtiGkhmsrhnolsOplEst.DhsiGOHyfhnEHyfhn.tUsInrdetREtiG_OsIesekshz.tekshzgAsttRAnzmiShn?UnhtonRIv?Umkamh_WhTDhekShn@hnsrdhn.piRIhd.
57,.nOstimpoRtnhlIkamh@Dhbukkamh@lykIigzibitkamh@przenshnhngEjiGsrvEhvinrlEstfoRmztiDhsencrIz.dASWhnWIkhnlrndfrhmAnhjY.piRIhd.
58,.DhbRitiSphblikHhzgat?UzdtUinjYntshcUlUnIlAfttistoRIzAzpaRthvitsReg?hlrnUzpEprdyht_.
59,..DEkhnbIHleRIhslIkfhnIkamh.AtsWelizHylIfektivtUlzfrsAtyr_piRIhd.
60,..ekhnamikAghnIkamh@moRDhnRIfloRmkamh@HAzpRadidpOlhnzdiletDhRipeRmAntlUz.piRIhd!.
61,.DhsathWudbIDhfrstiliftakshnsbhnyntInEtIsikscAlhntriksplOZhn_.
62,.WhnizDAtWIWhlHAvDhsrplhsbhtSudhnt!.
63,..DhplAnWhzdiskhvrdAftrdikOtiGdwthkApcrdilAsthbIksrestrtWentIRebhlIdrz.
64,.maRkitAkShnWhzhsenchlIdhjestiGWenstEzRAlIpiRIhd.
65,.AndshmcEnzkamh@shcezHaldEkoRprEShnkamhSeRhdinkoRprEShnAndHyhtHOtelzkoRprEShn.kamh.insisDEWhlmykpleniGhvRUmzhvElhbhlhbaRginREts.piRIhd.
66,.bhtbOskhmphnIzSudbethfetfrmhnhpsrninDIylAndindnhcRhldAspUznhsRI!.
67,.DhgOldkaRd!RhcinkRUdzhf?UmhdiSnhlsrvhsUzWhnwkasthdsevhnIfyvdalrzIiIz.
68,.mistryzhnmhn.DIaphziShnbiznismAnsez~aRnUfOlhizhDhshliShnbhtDeRizhnenIshlUShnWiDwtaRnUsfhl!.
69,.AftrDhsrtIHyfhndEpiRIhdkamh_DiSeRzWudbIkhnvrnhbhlAthllOrRESO@.
70,..ikshptidbidzRAnjfrmsikspYntTRIEtfyvprsent.tsikspYntfoRTRIsiksprsent.
71,..De@aRoWIshmpAshmisensiniks+fedhfloRspeShlist+.
72,.tUstIbifol.khnmInHyrinflEShn.hndifenShlIHyrintRistREts.
73,._DhbAGkOldiGkhmphnIzflEtidhnhDrfiftIbil?hndalrsel@frnhkstUzdE!.
74,.DhRIkol@ikspAndzanhWhstRolhvhDrHanhlzbighnrlIrDisWUt!.
75,.pRabOblIDhlaRjhstkhntRib?htrt.tiDhrniGzhptrnfrmEjrpRhdUsrz.izhn?UpEstRAkcrHAvrdwtAndDhHAvhlI?Un?hnyzdhphsifiknoRTlest.
76,.inhdiShnlUklIrfRIzOnzofhninklUdrRAnjnhntsthtRIkWyrdhgWiRWephnzDhplYdhjEshnshvDhzOn_omlAndoRAtsI!bIpOldbAt.
77,.bhtDhfetrhRIzrDAnmistrgRInsbAnaRlyklItibIWrkiGaRdtikIpinflEShndwt.
78,.tUilIvIEtHhzkhndiShnkamh@mistrpwRtishnstakstEviG.piRIhd!.
79,..bhtDeRaRolsO~RisiRd.
80,.inoRdrtistEkhmpethtivfrDDhpRilifREdiGnhmbrsmolnan?Un?hnaprEShnzhvDhRIdhn.mOskhmphnIzHAvshkseslIskWItzshvsAnShlWEdjkhnseShnzfrmlebr?Un?h.
81,.DIAktWhzhzhnnAcRhlrHimezIdiGpoRk+kamh@HItOldhfRend.piRIhd!.
82,.nwkamh@WImhztHAvhnnUzshmTiGdAS~oR.dAshDrtUinSrDhtDI~elDrlInatbIWyptwtfynAnShlIAndImOShnhlIbyhliGgriGkamh@fynhlilnhs.piRIhd!.
83,.mistrbeRIHAdbinpRezhdenthvHaRtmensisthmzE?UnhthvfigIintrnAShnhlinkoRpR!.
84,.DEfbenin?UsinDI?UessinsDIrlInyntInsevhntEtspiRIhd.
85,.itWhzhnDhgivhWI+.
86,.ifitizhWanTiGitshn@hDr+.
87,.bhtiS?iRkamhpaRtIbAthlzrlOskrdtenchzhnddaktrpolkamh@HUWhzanhbAlht.hndfoRtIsikstEtskamh@HOpsfrAtlIsWhnmil?hnvOts.piRIhd.
88,.bhtifDhHistrIhvhDrAfrkhnnEShnzHUsenIgyd_Wyts.indIhnzhndsmolblak.tRySudfiRgt@.
89,..OldpIphlsOnatHAvthlyvWiTDhkansthtHiRDhtDEkudAndhprUindinevRIWEbyDAtlAsdelnhskamh@lIviGhdhsthtUtsbws.piRIhd.
90,.bhtDhbOzWOntgiv@hp+piRIhd_.
91,.telhDiShnsetmEkrz.RegrhlIskenjltIvIpROgRAmiGbigAn?r.AvlostwthDhjApnIzAnDI?uRhpIhpc.
92,.DAtsmRlesWhtDhblUdcip!ikanhmhssikspekt+.
93,..DhShthlWudbIDhfrsttiliftofsensDhnyntInEtIsikscAlhnjriksplOZhn.piRIhd!.
94,.HIydid.kOlhndhbhlkWOt.bin?ofrDikhmhzIinizgOiGidbIRIv?Ud!.
95,..menI@hDrz.kamh+hvEtiGtAksiz!kamh@dUidanDsly.piRIhd!.
96,..foRigzAmphl.itlykstaksDhpselethllOmhlthbulhvDhkhmphnIzbukvAl?U.oRAsetsmynhslybilhtIzprSeR!.
97,.nwsIbOiztRyiGtUmEkhmen.
98,.AGgrdlhkRUd.hfiShlzkhnzlInDeRHykoRdtijAjmistrAvrovlAshnr.piRIhd.
99,.itWilselAkskRivhthndAnhlEtrdEkt!.
100,.dhbhlkWt.foRDhRekrdhbhlkWOt.izhnikwnthvhtofkamhshksesfhlbiznezmAndzteRhbhlWaSiGtOdikspiRIhdz.
101,..foRHhstapEdkamhHIpikskantRAkthndoRghnyziGcIfWyltrSI_kamh@HUendidHizOnbidtibIpRezhdentbybAkiGmistrmhkaRtI!piRIhd.
102,.AksrilIikkamh.sinsitzgRoGdhsrtIEdylek?hdhllatkamh@dhbhlkWOt.HIsez.piRIhd.
103,.DeisizhvDhtymthtEkDhcAnsitAskdhmDAtsezmistrAphlbam.HUAdzDAtHizHOfOnHizbhd!.
104,..DhsidIkhmpRavhblIHAndOltUpROgRAmzkamh@sezSaRpmhmoRIhlAdminhstREtrcaRlzkOk_kamh.dhbhlkWOt_bhtTRIrfoRhpibIpRablhmAtik_piRIhd.dhbhlkWOt.
105,.itshbwtlyiksemhntIndEzinhbEbizlyskamh@dhbhlkWOt.sezmistrdikI.kamh.hvetrinigiztIcrHiRijhpAn.piRIhd!.
106,.Dhn?UdIlbRatsrShlsikuRhtIkamh@AndDhn?UfRentiRbRatmedhkeR!piRIhd.
107,.bhtDeRpap?hleRhtIgRUslOlIbikhztRAnzmiShnofhmWhzslhgiSkamh@pRintiGmesIAtmhSInzkudhndhbhlkWOt.tokdhbhlkWOttUIchDrhfiShnlI.piRIhd_.
108,..ymatit@olinabIWiTWhtn.
109,.hshsIEtidAnz_nhnizeRkOh.ishjhnhhlpaRtnDeRkOhHOtelpaRtnrzhnHAzhWhnphsenjhnROlpaRtnrintRistinDhpaRtnrSip.
110,.AnwsrvisizWelzWhnsDeRdReldkamh_bwmikdrmht.bildofSuRdRiliGRigz.
111,.bhthtymsthyslEthmistiGaRdifektivpROtIninDhmhshltiSIhvmesUlrdistrf?UpEShnz_AvloGpRUvdfRestREtiG.piRIhd!.
112,.betsmoRrlesWht.DhplUdcipikkanhmissikspektpiRIhd!.
113,.?etDhbhndhspOstizbendiG@OvrbAkWeRdtikhmplyWhd?UesdimAndzfrmoRAkses.piRIhd!.
114,..frmenIjAphnIzkhmphnIzitWhzDhfrsttymDEdevrsInhndhmeRhkhninvestrsezmistreRhn.
115,.DhRwTWelsogAtintenshfydkRitisizhmOvrDhWestrnhstREl?hnghvrmhntspRrlEShnSippiTanthprnrz_shcezmistrbaandAndmistrHOmzhkoRtkamh_HUmDhghvrmhnthsisthdfynAnShlI!piRIhd.
116,.dhbhlkWOt_WIjist.getigidsynkamhAndDAtmaRkitWhlRispandpiRIhddhbhlkWOt_.
117,.!hbwtWhnpYntfyvbil?hndalrzhvdettizhndrRIv?U@.
118,.innyntInEtIkamhDhflEmzRIzUmHOmgEmzpiRIhd.
119,.!dhbhlkWOtifWikIphzshpkamhtWhldyWiTDAtflAkpiRIhd!dhbhlkWOt.
120,.DhnASnhlAvrdzWhzfoRpYntsiksTRIprsent.indisembr+nyntInInEtIsiks.
121,..itHAditrmAtikhnsektanDhgEm.piRIhd.dhbhlkWOt..
122,..DhdedydfrdUiGsOizfebReRItWenIfrst.tUmanTsbifoRjilets~EphltWenIfrstAn?UhlmItiG.
123,.WytplErzdRifthdbAkkamh@AntenShnzIzdpiRIhd.
124,.frmhnseltsmEjr.dItshnbrnIRipoRtidlIdYndDhkRwdholstRItHwshzkhtiGDeRnyntInEtIsevhnHybIemrniGzesthmht.
125,.DeRznOdwtWIpdUminiSDhsOvIhtTRetHiRIshbstAnchlIinDhlAst?iR.sezmhnhsOtrepRisenthtU!enWebr_.
126,.HyltOlzkhn?UzdDhteknalhjItspRIdikt.WinbizhnDhsWhlbIhn?UZhWhlIslO+hndDhsWinmoRdiskwniGiznInhI!.
127,.?estrdEzhnwnsmhntbyRepRizentidivHwrdlInzthHwshlvlOdanDhstimezhvmenmhntsAprhtlIfrmDIOvrAlkanfRhnsrpoRt!piRIhd.
128,..DhkhmphnIolsOdOnEtidsiftITwzhndalrztUilOGkhWinvyRhnmenhlgRUp_thHyrspeShlistUivAl?UEtshkhmphnIzplyhnstiklInhpkhntAmhnEtidsyts.
129,..stRoGimpoRtsHwevrmInDAtthmestikdimAndRytnwhzstRh_WhnSuRWEthkrbhtREddefhsthtizthHAvhfOldlwndRiseShn!.
130,.AneRkOizspOksOmhnseDhkhmphnIfrmDhvencr_tikRIEthfynAntiGbIEkhlfrf?UcrHOtelpRajeks.
131,.dhbhlkWOt_DeRizhnmhcpRygReshndsevhntIndEz.piRIhd.
132,.DhklhbnwfIldzhnhmbrhvtImzfoRveRIhsEjlevhlz.piRIhd.
133,.DhbhndhspOstsminaphlIHAzbikhmilytiGRadfrkRitisizhmbyDI?Ueshnd@hDrtREdiGpaRtrzhvjrmhIzklOdzdlRz.piRIhd.
134,..Dhfrmseditdhzhnkamen@anitstakRekhmhndEShnzoR~rniGzesthmhts.
135,.itdidnyndenhfydDhbyrzoRdisklOztrmzhndDhsElz.
136,.nw!sIbyiztRyGtimEkhmenz.
137,.dhbhlkWOtytOldemitDIendhvytIalhjIkamhdhbhlkWOt_sezmistrAmrAvkamh@hpaRtIvAtrhnpiRIhd.
138,..DhbAGkHOldiGkhmphnIzslEtidhnhDrfiftImil?hndalrsElfrnekstUzdE!.
139,.nOfrmplAnHAzbendivyzd.bhtitinshndrkhnsidrEShntURiv?UDhHOldstRhkcrHIsed!.
140,..HIkudpResmhstrROOlhntiselimpaRhvloGROzpoRtfOlIO!piRIhd.
141,.ybIemfelWanhnshbhnEts.tUhnHhnrdtWenIAndTRIEts.anmoRDhntUpYntfyvmil?hnSeRz.
142,.nObhdInOzHwDhswTAfhkhnghvrmhntWhlRIAkt+.
143,.DhkhmphnIsedofRedindEvdbilzklymdthkhnvrtDeRkamhnSeRz.DRiGbiTTrdIHyfhndEpiRIhd.piRIhd!.
144,.shmsrsUz.sedshmhvlIlesHyfhntRhdiShnhlHOldrzOvjhnaRoldbEbilZIiks.SeRz_kudbIsAmptidbyDhpRaspekt.hvkAphthlgEnz.piRIhd.
145,.cAmbOtIhzvhtnamHyfhnbAktghvrmhntRif?UzhztiSeRparWiTDhkhmeRhRUjkamO_DhkhntRIzfoRHroltRhHyfhnleftis.RUlrz.piRIhd.
146,.DhmnAzdAkkhmpazhtindekshvfoRTwzhnkamhsiksHhndrdTrdIEtstaksklOzdAtTRIHhnrdsevhnIfoRpYntsiksfyvkamh.dwnziRO.pYntWhnsiks.piRIhd.
147,.inRIshntWIksfaRigzAmphlRIdrzHiRHAvHrdhvDhbAniGhvAntIyRisjOksinWhnlhndhnbrO@.
148,.ekspoRkpRysizROzWhntprsentinDhlEtistkWoRtrAnejhptOnlIz?iROpYnt.tUprsevinDhlAst?iR.piRIhd.
149,..menIhDrzkamhhvEtiGtAksizkamh.dUidanDhslypiRIhd!.
150,..instedkamhDEfEvr@hnhnwtsceksbyROvikamh_ReDrDAninHyfhnHwskamh@inspektrzfOkisin_andhbhlkWOtkRitikhlkhntROlpYntsdhbhlkWOt!instIpDhdpRasesI.piRIhd!.
151,.DhpRalhGkhntin?hzthbImhnatnIhndfAShnkamh@sedkrtbaRnaRd.kamh@DhpaliSrhvDhRItElmaRkhtiGRipoRt.kamh@hnindhstRInizletr!piRIhd.
152,..hnhDrspOksmhnfrDhministRIHAzRiplydtUtifoRndkoRspanhtshsOsIEShnhvswTIhzdEZh@.
153,.hndrtrmzpRIIhslIRIpoRdhdIhtAl?hnAgRhkhlcrhlkhnsrnhzsUmdhvwtWhnHhnrdnynIfyvmil?hndalrzhndshboRdhnEtiddetezpaRthvDhtRt.
154,.bhtshchAnsthdAnsrmyldtRhmlrzkhmpeRdzUWrkhminrTkREtfrDhtUpRhfeShnzkamh_shmhkwthnsAndkhmshlthnzpRhdukt.piRIhd.
155,..aphziShnfrmkhmpetitrzolsOkhntRib?htid.tiDIiniShlRIjhkShnhvDhmrjr_kamh_AndDAtHAzAGgrsAnhvfEigzek?htivz.piRIhd!.
156,..RigaRdlhshvDIAlkhmhvenImItiGWiTjrlet+kanhstansImzolmOsrthntinamhnEditsOnslEthvdRektrzshmtymneksWIk!.
157,..bhtthDishpRyzhvomOstegR?UWhn.staktpRytsizbigAnHhfTedIklyndDhtpuStDIAvRijhbhvWinzdEzklOz.
158,.bhtitstifhkhlt.tisIWrDhkhmphnIgOzfrnHiRIh_.
159,.AnSoRtlIAftrDIAkWhziShnkamh@YlpRyshstaRttsslyd!piRIhd.
160,.insted.bEsfEvranhnwcceRksbyROviGRADrdentinHwshnspektrz_fOkhsiGankritikhlkhntRhlplYnts_insIfWudpRfhRh!.
161,.mistrbeRIHAdbinpRezhdhhntivHaRtmhntsisthmzh?UnitefigIintrnASnhlinkoRprE.
162,.SAmRakspRItAkspRafitfrmDhsElWhzWhnHhnrdtWenIfyvmil?hndalrzhspOksWumhnseit.
163,.nelIdifym.DeRrhdhziGoRsOlAsetAlhkEShnfaRmz.
164,.innyntInEtIfyv_enzHYlWhnniRlIUvevhnbil?hndalrzhndAmhjizAt.tRyhl_DhbighstjhjmhntevrhWoRdithplEnih.
165,.AftrDhrdIHyfhndEpiRIhdkamh@DhSeRzWudbIthmvaRthbhlAthlOrEsIO.piRIhd.
166,.HIiknalhjizdiskhsiGDhphtenchlhvspItiGhploshzbhttinyzmEkiGinITRet!.
167,..bhtlivilithlfrDr_DeRaRWEEzrwndHyrinfRIziz.
168,.mikspAndidRIkolWhzdisklOzdDhthmItiGWiTenaRsIhfiShlz_AndhnEjhnsIofhswtsydzikaRgO@.
169,..Dhn?UceRmhn.nOshdHizphlitikhlkhnAkShnzmykshmmaRkitRhtisiphnshspiShs_DhtIhphltRydhsdimilEtDIikanhmIthHelpjIOpIt.kAnhditsnAkst?iR_iRIh.
170,.AftrDhklOzHAvtREdiG.DhfoRkAstsWrinkRIst!.
171,.?estrdEzlUzrzinklUdrdathmhbIlzpiRIhd.
172,.bhtnwDhmedhkhlpAkhpOzdizbOTmeZrzpiRIhd.
173,..HIHAdbinsIn?rvyspRezhdenthvWaSiGthnaprEShnzfaRDhdifenskantRAkt!.
174,.DhbundhspOssmhnabrlIHhzbikhmhblytninRadfrkRithsizhm.yRDI?UesAndhDrtREdiGpaRtnrzhvjrHhnIzklOzd!doRz.piRIIhd!.
175,..DeRjistWEiGfiDIh!.
176,.ybIAmfelWhnhndsevhnEtTstUWhnHhndrdtWenIhdTRIEtsanmoRDhntUpYtfyvmil?hnSeRz.
177,.DismaRkitizWEtiGfrOnlIWhnTiGkshwprdRof+hsUn?rvystRezidentytamshnnhkAnhnzik?uRhtIzinkoRprEtid_.
178,.hstRanmrzsEDAtDIrTTbEtizsIld@.
179,.DhmhnIthputDispRaphziShnanDhbAlhtkEmpaRtlIfrmDhgRAndHyfhncAmpIhngivr.kamh@zIkAlhfoRn?hmedhkhlhsOSEShnpAk.piRIhd.
180,.sIbhhgRIdtrRemhtIvIovrsyt.
181,..mikTRwnhtAnAndwnl@RAnddifRhntssEgRhnhnsfhmDIYlsrvhshzbUzmit.
182,..DhREtiGkhnsrnolsOplEsDhsiGghlEtUsIn?rdetREtiGhvsIes~ekshztekshs.gAstRenzmiShn?UnhnanRIv?U_WiTdrRekShn@hnsrthn.
183,..DIikspAndidRIkolWhzdiskllOzdAthmIdEnWiT.An@aRsIhfiShlzAnhnEjhnsIofhs@htsydShkaght.
184,.bhtDhpROtestsRAphdlIbROkhpWinDhmIdIhHeditHez.
185,..bRitiShplyhnsmEkrzHAvloskRwndtikanthnhnthl?uRhpIhnzHUhvDhstAbliStERep?htEiShnfoRdizynAndkWalhtIstAndrdz.piRh.
186,.DIdhbhlkWOtHedkwntkamh@dhbhlkWOt.hbugismeZriGvyzhfevrDeRWhzWhnkamh@RimEndhsEmsemIkhlh.DeRtWhznOinkRIsinsAlrIprshnw.piRIhd.
187,..kReschnSWRrzHyfhn.SOliG.kamh@DhpOsthlminhstr!kamh_bRishlzAtshgjesthnz.DhtshckRitisizhm_ledtiDhdisiZhntidismwnthlDhmhnabhlI.piRIhd!.
188,.HIpRyvhtlIhnsistsIhpOzizRrpIlkamh_bhtshmTiGkIizIiziGDhzaphziShnezhbaRghniGcip!piRIhd.
189,..DhkhmphnIolfsOdOnEhdfiftITwzhndalrztUhlOkhlinvyRhnmenhlgRUpthHyrspeShlhststUhvAl?UEDhkhmphnIzplAnztiklInwtkhntAmhnEtitsyts.
190,.AndAmbiShsnyntIInHyfhnnEShnAfrthHolt.tWenIiRhzhvWoRhnttembOtIh_endidWiTwthnhndgRImhnt.piRIhd.
191,..pRamthdbyniUzRipoRtshvhlejmishpROpRIEShnhvfaRmz.DIesIsIvHizhlrdDhfrmznU?oRkAdkoRdrzlAstWIkWiDIintenShnhvigzAmhniGbiznrzRI.
192,..itiztRaRjWitgetiGDhbesdIlfrSeRtHOldrzkamh_AdWingit.taptwlrWiDwthnhDrbidr_.
193,.DAtizWelhbhvDhnASnhlAvRijfrHAsphthlzhshcpROgRAmzkamh_bhtHaRdlIhmaRkhtitmansdisIfRygmentid.piRIhd.
194,..HIaRd?UzdDAtfRydEzhnimplYmhntfig?rz.hndrmyndDhTIshshvESaRplIslOiGIkanhmI+.
195,.DhsenshvinpendiGdUmHAzstymEntImoRkk.bhS.
196,.DhfedrhlikspRessrvhskamh@WichlAbbiznhsizhnnUdiviZhWhlztisenfAkshzfrmDhkhmphnIzstoRz.kamhkEmttUrlIhmhstUikspensiv!kamh@AnhlhssE!piRIhd.
197,.ansOldstakshvtRakS+hbwthfRdHyrDhnoRbhlkamh_sedhzspOksmhnfrDhkhmphnI!piRIhd!.
198,.ithtempsthbRiGoRrtidhmiRIhdfyvrteknIkskrhntlIdhskRybbyhWeltrhvkhnfliktiGtrmhdalhjI.
199,.aRhjEaRhspeShlthmitIizHApithsIhndoltrnhtizhmrjithDhpashbhljYntbidbitWInkEkEaRenDhmAnijmhkWyfhnWedgRUp.piRIhd.
200,..AzDhpap?hlhstdedHIhpIlztUlesejhkEtidlOrmithlklAstpIphlHUfyndIkhnamikhndsOShlcEnjfRytnIm+.
201,..ysAt.dwninsig?rdwthtDImItid!hnsOldhmanht.
202,..instAdmistrsymhnprsWEtidHimtijYnHizgRUpeshcIfigzek?htiv@ofhsrhvDhveRIhsHOldiGkhmphnIzthbIstet@hpth@OnIcTR!.
203,..inDIEbIemtRIdIkamh@DI?UesDhgOSIEtrz_anhth+wtlamDishlDifens.AndlAkbOTsydzinthDhpastr_hvn?UchlhSoRd.DhstRhkShn.piRIhd_.
204,.DhloncHAvbinplAnfrrlrDisiRvbhtWhzskRabthbyDhspEsEjhnsIhbwtfyvtymzbikhzhvdizyndhnd@hDrdilEz.piRIhd.
205,.telom.AsklhmEShnpYnthnt.dhbhlkWOt!.
206,.SoRttirmREtsHIsezaRlyklIdiRimEnstedIoRmUshmWhtHyr+.
207,..hn?UzRilIsiSUdestrdE.sedDhtDhlynhvkReditWudbIgeRhntIdbyphRUvIensOlvr.piRIhd!.
208,.rlIlAstRIkamh@mistrchndUdofrkhnsAShnz.piRIhd.
209,.kRist?hnSWRz.HyfhnSOiG_kamh@DhpOsthlminhstR@kamh_bReshlzAtshestUnzDhtsshckRithshzhm_ledtUDhdisiZhntidistnwnsOvDhmhnaphlI.piRIhd.
210,..peRIdiskhvidijhpAnfaRhmeRhkhnzAkShlIilhspaleRhnHIkWips.
211,.sYtIhnf?UcrzledDhdiklythnzkamh@WiTpRysizfrnOvAmbrdilivrIfaliGtWentIEtpYntfyvsenshbuShl.tiEtdalrzhndTrdIWhnsenshpuShl@.
212,..dhbhlkWOt+DeRizhnmhcpRagRhshndsevhntIndEvz.piRIhd.
213,.lakhsOnIhzsilektidinObuRUltakhSItOtsishksIdHAmAzthpAnzvpRImeR@.
214,.olDOmOsthvlOrzHAvbinWIk.prfoRmrzDisiR.DAtHAzhntstat@hDrzfrmtRyntitASOnondhtrmznUkASR.
215,..ifDhsrjinfUlpRysizizhnklUdidkamh_impoRtpRysizROzsikspRntfyvprsentinDhfrstkWoRtrrz.
216,..natevRIWhnbyzDhdefhvDhdalrTIe.
217,.bht!dhbhlkWOt~ystillykfRAnImE+piRIhd.
218,.!DIAktWhzHezhnAcRhlfrHimezIviGpoRkkamhHItOldhfRend!piRIhd.
219,.!mistrmaRthnRIshntlIdipaRtidfrmDhfAdtOlmistrsymhndrinrRydtUWaSninnAShnhleRpoRt_DhtHImytsdaRthpRyvhtmoRghjhnSuRhnskhnsrn.
220,.bhtbOTkhmphnISudbenhfitfrmhnhptrninDhElAndnAcRhlgAstiznhs.piRIhd_.
221,..DhRIkol!ikspwndzanhWiTsdRolhghDrmadhlzbiganrlIrDisWIk!piRIhd!.
222,.!inRIshntWIkskamh@frigzAmphl.kamh_RIdrzHiRHAvHrthvDhbAniGhv_dhbhlkWOt.AndyHEfhn+yRiSjOksdhbhlkWOt!inWhnWhndhnbrOpiRIhd_.
223,.dhbhlkWOt.ytOlDhmisDIendhvidIalhjI.kamh@dhbhlkWOt.sezmistrAdrwz.kamh@hpaRhtIvedrn.piRIhd.
224,.AftrDhmaRtivklOvzdkamh.DhmenhsOthllijhsltEsrhvpAsthtAntyHyfhntEkOvrbil_AndytsWoRtiGbaRggRUps.intRhstinhkWyRiGDhmminIAblistHyfhnbEstRItElr.piRIhd.
225,.sOYbInf?UcrzpRyshzWrmikst.WudbIInzhnYlfiniShnkyr+.
226,..rlIlAsWIkkamh@mistrcyndidofRhkhnseShnz.piRIhd.
227,.sOhnwrlIaprdEtrWhzpRhmOtidtifoRmhnbhtmEntEndanDIwrlIpERhl@.
228,.bidztOthliGsiksHhnrdfiftIWhnmil?hndalrzWrrshbmithd.
229,.HIWhstRipthvizpaRtItythlzindstaktwtkamh_RibighpHizlikRUdmembrSipkaRbRifoRDhWEtiGtelhviZhnkAvrz.piRIhd!.
230,.DhkhmphnIolsOdOnEtidfiftITwzhndalrztUIlOkhlindvytRhnmenthlgRUptHyrzspeShlhstUhval?UytDhkhmphnIzplAnztiklIn@hpkhntAmhnEtidsyts.
231,.HIolsOsez.DIhfRhdIzmEnWiDEsE!DhtDEWhlnatstAndhvsydAndlytkrhnsIzRItSnUlOz.pOsdilekShn!.
232,..bhtitemstyslythvmisiGgoRdifAktivpROtInhnDhmhshltiSUhvmhskURdistRifIpEShns_HAvlompI.
233,.hkoRdinthHyidslAc+lORIsrc!kamh@TrdIfyvmil?hnpIphlpRchsthfiSiGyzhnzhndnyntInEtIfloR.piRIhd!.
234,.bhtkamh@HIaRgUzkamh.dhbhlkWOt_DhdUkrhvDhkaprEShnbItWInhskamh.DhmaRkhntROlhbhlDhsOvIhtsaR.piRIhd!dhtWhlkWOt.
235,..DhkhnshlthnhnsnOthstimDhmiShninDhplAnzdbhtn?IDrDhkhmphnInoRfedrhlReg?hlEtrI.
236,.inmOskEsizDAtstilWudbIleshnDEWudpEfoRhREnjiGkhvrijanDhRy.
237,.WiTTrdImil?hntelhfOzkamh@WestjrmhnIRAGksbiHynoGlIiDI?UesAndjAphnIzfolnnaRkits.piRIhd.
238,..?it!dOnEtidtWenIfyvTwzhndalrztigititoshgRwndpiRIhd.
239,.dhbhlkWOt_DishSurzrvoRistREskamh@dhbhlkWOt.sedWhnprshnzrmil?hWudDikhmitIstiGkid.piRIhd!.
240,.DhveRI~yddIekamh@DEaRg?Udkamh_mEpItEkhnbyimplIIzezhslAtinDhfEs.piRIhd_.
241,.DEkhnolsOinvolhvinrnAShnhlkWaprESrv_DhgOlofhn.izthgitfoRhnstEzWiTnUkRIaRshnOlztUpledznattU?UzdinkWIRWephnzrjens!DizOn@.
242,.?UeshtrnIgUlIwtIkamh@tRyGth+wstImstrlIdrzkamh_WuldRhv?UHwDhboRdpikt.Dhn?UpRezhdhnt.piRIhd!.
243,.natDAtsAksmhSInzaRnU.piRIhd.
244,..natevRIWhnbyzdDhdeTrDhdalrTIshsI.
245,.DhRIoRghbAnzEShnWidhlwtIdsigzistiGkamhnSdeRthbIkhmvrtid_driGhTrdIHyfhndEpiRIhd.inthtUpYntsevhnfyvklAsESeRz.piRIhd.
246,.DIAvRijdUvidenIldhvrdsRekhmedidstaksrzTRIpYntsevhnprsent_DhsekhnHyhstinDhgRUpAfthsniftbaRhtIzfoRpYntWhnprsens.
247,.olDOjhpRAnzpalhsImzWOntcEnjRAtiklItIondrtakitSIdh.sikstITRI_izlAkhfoRhnpalhsIikspiRIhns.kudWrshnzhpAnzinrnAShnhlRIlEShnz.
248,..bhtkamhHIaRg?UskamhdhbhlkWOt_DhdIprDhkhWaprEShnbitWInhskamh_DhmoRkhntROlhbhlDhsOvIetsaRpiRIhdzdhbhlkWOt_.
249,..DhSaRpRyzbRotiGimkRIshnimpuRpRyshzfrDhpAst?iRtisevhnplhnTRIprsent.piRIhd.
250,.pIphldOtRIlyzDIinoRmisdhmbrzinvalvthnASnhldhbAntfrfiSbEt!piRIhd!.
251,.dhbhlkWOt.wRhsynIshvigzAmhnDhfAksrwndiGDhsmAtr+hndnhTiGDAtizfAkShWhlIkrektinhstoRhtIiznUiTsWrkwnshl!.
252,.strliGsoftWeR.WicsedithgRIdtiselhtskhmrShlpRhfeShnhlsrvizhzgRUp.felWanEthsevhnhnWRgEz.
253,.IgitGles?iRkamh@sElztAkshzkAntsbIdIdhktid.piRIhd!.
254,.dhbhlklOt.WRnatkaiGfrmAndhtoRYtestiGinenISEpoRflaRm+piRIhd.dhbhlkWOt_.
255,.DhpRablOnizrpAnAmz?iRn?UmzHAvlostkanfhdhnsinnistrAkr_indkhntin?UtUinsis.DhtDEWOntmEkkhnseShnzinles?UzRiplEist.
256,.kREtiGDhnUklIrfRIzandinspaRtlIhlOkhldisUZhn_sitisinzrghvrmh@.inrsrnjIhgRAfikeRIh@DhsydthbAnnUkliRWephndzfrmDAteRIh@.
257,..sinsIscInizDhplUpRinfrhpROtIn_DhdifektiznOOntUinvalvhpROtInDEthfeksRh.
258,.bEstamolDetRIntkamh@And~infyvshvaRkwlsO!kamh_RinOiTnORIzhhnthbilIvDhtbabfRImhn!ingEvzdinenIilIdAlhtIpiRIhd.DhWhlkWOt..
259,.gREnzhnsYbIiGz!mOstkoRhnhndWItf?UcrzpRyshzWrstRoGgr+.
260,.HOtelskhn?UzDhtteknalhjItUpRidiktWhntbiznhsWhlbIhn?UZhlIslO.dAShndDhsWinmoRdiskwntiGizn?Ud.piRIhd.
261,.inhloGgrRhnDhWIkdalrmEmInmoRinflEShnAndtytmhnIAndhvenShlIevrseShn!.
262,..IzdhnveRIWolfrstakHOldrI!.
263,.mistrvaghlOzsAdivDhtinoRdrdthmaRkitDIzhndhDrdRAgz_mrkplAnztUinkRIsitssElzfoRsbyfyvHhndrdDis?iR!.
264,..AnE~esEzskejUldDhlanchvDhspEShthldiskhvrIfrsepthmbrtWenInynt.piRIhd.
265,.Dhshlwdit.thplEsmoRhvitskadREAnDhpAnhmEnIhndb?uRakR!.
266,..natAtfAksmhSIntrn?U_piRIhd!.
267,..TRift!netrs@.
268,.dhbhlkWOt.DifDhsOviGetstisydticEnjDhnEcrhvDhmiShn!kamh_DEnwHAvDhRytkyHiR!kamh.dhbhlkWOt.sezHIizRElIhfiShl.piRIhd!.
269,.inWestjrmhnIkamh.?UbIhshkWyrd!dYclendrbAGk!innyntInEtIfyv!piRIhd!.
270,.enElOkhlplAntDhmAn?hfAkcriGmAnijrnItidhnhDrfoRmhn.ysAlrItphziShn_bhtDeRWhzhfRIzWanHyRiGsAlrEdprshn@h@.
271,.WybykpWesthnmaRksiGhlkWOt.dhbhlkWOtHIsed!piRIhd.
272,._klAstnOstHAdz@olsubiGgidthlRhnslItIsiRId.
273,.bitWhzlAstREzdinjUinnyntInEtIfyv.tUfoRdifyvdalrzfrmTrdIfyvdalrz.
274,.shminvestrzrprpeRiGfrESoRttRrmkrekShnDismhnT.olDOmOsbilIvDetiWOntbIsignifikhnt!.
275,..linnuRAndtApsbROktwnWinDEkudhnhgRIanHwmhcmAnhjmhntkhntRolItWudHAvOvrDhkhmphnI.kamh_DhsoRshsed.piRIhd.
276,..AtlIs.tUHhndrdEtITwzhnsnwfiksTiGzhDeROn_piRdhdI!.
277,.DhRebhlzHAvhk?UsdsiGglwbhvfoRmiGAntykam?hnhstfijhlantIgRips.
278,..RytnwHwevrDIikanhmIhpiRstilthbIgReiG.
279,..hlithlgidnUzkhnsafhnhmaRkitsRizisthns.
280,.IzDIOnlIgyHUdkudSOhpinDhplazhtAnddRokRwthvsevhnIfyvTwzhnpIphl.sezWhnlAthndiplhmA!.
281,.mistrizItUiz.yRAksliGktiDI?UAthsizhspeShlIsenshdevhbwttDIhmeRhkhndisepShnOvryRwnd_.
282,.bhtshmEbIvetrolfhlukiGfrincuhns@htsyDIimplYrzkhntin?hdgRUpREplAn!.
283,..bAdTiGz!kamhbhtnOWrshnmenIhDrbwtTiGzhndlyf.kOlhn_kaRReks.kamh@DhdhT~hvlhvWhnz.piRIhd!.
284,..DI?adIUOhndothmObIlindhstRIzaRnTIOnlIWhnzDhtHizletrlIidfAnhjizhntektnalhjIoRdisynslikhWE~.
285,.ysIbyDhpEprzDhtpIphlaRWrIdhbwtDhkhmiGbhjitssrplhs.
286,.?itHAzshmhpIOlbikhzhtWud@REzTrdIsevhnpYntnynbil?hndalrzOvrTRIIrz.
287,.DhkhmphnIdiklyndtikamentanDhRizhlt.
288,.foRWhnTiGkhnsUmrzmEnat.bikWyredIdikWipspendiG.
289,..bhtinEpROlnyntInEtIsiks.kamh@nAShnhlstIlkoRprEShndedjhstDAt.piRIhd.
290,.inseptembr.DhkhmphnIRisIvnyntISikspYntEt.mil?hndalrzezHhsSeRhvdAmhjizfrmhgRIchvkantRAkthWoRd.RIlEtidtUhkOlpaRthnSip_.
291,..innyntInEtIdRIkamh@meksthkOnvenhsWEhlwtOdEpeksDht?UcrYlprchsiz_butHAvthbIbAkbyletrzhvkaR!.
292,.inilOkhlplAntkamh@DhmAnhfAkcriGmAnijrnIdidhnhDrfoRmhndAShsAlrIphziShndASbhtDeRWhzhfRIzanHyRiGsAlrItprshnO@piRIhd.
293,.RIspantsiztendtibIn?Unid!.
294,.biznisizWrolsOWeRIhvfAksaRjeks.AftrhHylItwtidfedrilikspResfencrthpRhvydfAkssrghsflwndrd_hndWisjethshndinnyntInEtIsevhn.iRIhd!.
295,.mistrHOmzhkoRt.sedHIplAnztURIv?UDhstRhktcRAvbwgRI.
296,..h?UbIesshbsidIeRIimU?oRk_WhzDhfrstfoRhninstit?UShnthmAnintRU?Uesdhmestik.koRprhtbanddiSU!piRIhd.
297,..nOfrmplAnHhzbindhvyzdhbhtitizhndrkhnsidrEShntURhv?UDhHOldstRAkcrHIsed.
298,..HhndrzsedhdIstITRItRAnsboRtSatdwnmhnEbyHhndrinfytrzhpeRhntlIWhzkeRIIndRhgzfrmkhlhmbIeh!.
299,.DisizhsthShlItRUinDhWrk.hvbRitiSnavhlists~AndIvinpRIvIhslI.hndDhWrk+hvil?hmbYd_.
300,.gRUpshvkhnshltthnzfrmsevRhlmEjrfrmzaRmEdigisIkRhtlIthplat.difekShnz.piRIhd.
301,.DhfedrhlikspRessrtrskamh_WrchlwdbiznisitshndhndivijhWhlztUsendfRAksizfrmDhkhmphnIstoRzkamhkEmtUrlI!hndWiTtUikspensitkamh_AnhlhstsE.iiRIhd!.
302,.HIag?UzDhtfRydEzhnimplEmhntfig?rzhndrmynTDhDIsizDhvhSaRplIslOiGhkanhvh!.
303,.byDAnkamh@AlhgEnIsed+kamh@itWhlHAvRisIvdEWEvrfrmhtslendiGbAGkshvsrthnkhndiShnz_AnditslOnhgRImhnt.piRIhd.
304,..bik.duRmit.AndAndDhw.aRindifRhntsEgmhnshvDhYlHyfhnsrvisizbiznhs.
305,.RIdlykthsIshmTimDhtlIdztU@RIldimakRhsU.siztEmIbumEh@fyssekRhteRIjhnolhvDIindipendhntlibRhlpaRth+.
306,.HImEdrsElzkolHISOz!.
307,..WaciGEkhmp?UtrHyfhndRivhnlEDtrnRammethlintUhpRhsiZhnpaRtkamh_mistrEmathnkhnsIdzDhRiskpiRIhd_.
308,.DhkoRdiGthHyslAstlORIsrjkamh_DeRdIfyvmil?hnpIphlprchsdifiSiGlyzhnsinnyntInEtIfoR!piRIhd!.
309,.DhkhmphnIdiklynztisthzhfyDhpRyspEd!piRIhd!.
310,.AndAlsrvhsizWelzWonsDErdROldWOmhntdrmhnt!bildzofSoRdRilinRErdz..
311,..itmEbIDhtaRstRhkSuRAndmolshlplhsitIhvkoRprEShnz.izinDhmOstifektifrDhf?Uz.
312,..Dhs.inoRdrdtURizrvitsRydtUlancEpRaksIfyt_kanhsthnWudnItinamhnEitslytbyfRydEHinfebWRInyntInT!.
313,.Azshckamh.itizhvmOstintrisdiskalrzd.kamh@khlektrzhndpRAktiShnrzhvDhfybraRtskamh.?etitsteksdizlaRjlIhkseshbhltinInanHyfhnspeShlhst.piRIhd.
314,.insted.itfwnDhdhfAShndizynfrm.bhgelkRUzintrnAShnhl.WizaprEtiGifhlOkEShnRejhstrdizDAthvmistrpOlOtrzinvesmhns.
315,..DhWoRmintRendmEHAvmeltidDhsnOkhvranshmkRaps.
316,.jabbRikRUdrzaRsIgRilItRyGhlRhWEkhnshlthns.piRIhd.
317,.HanDhWhzdwnttemtUWhnTwzhnkamhnynHhdidTrdI.piRIhd.
318,..dhbhlkWOt.WIHAvtidikhnsrRndhbwtkanphdenSIAlhtI!kamh@dhbhlkWOt.mistrbRwnsed.piRIhd_.
319,..hnfoRshnhmliIWRIsInnhTiGhbhtssthns.
320,.WiTlolDhfyriGzanWolstRItkamh_mEbIvishzDhSotinlIaRmDhtWIinId.piRIhd.
321,.lyt.b?uRhkRAtsrinDhdRyvrzsIt.hndblAksRytlIfiRWhtDhtAGksWephnzkhndUtthDAmId.
322,.it@olsOstEtsDhtsevhntInynprsenthvDIzpIphlzsEDEfisTrdIHyfhnplhstymzkr?iR_.
323,.HizkRhdenShlsrcestidDhtDhsOvIetsmytHaRbrmoRintRistindipamhsI.DhnRIlhstEt.
324,..HIhsIkiGboRdRepRishntEShn!kamh_hndmEpluhSfoRhjYnttEkOvrhvhnhDr?UkEkhmphnI.piRIhd.
325,.biznisizWrolsOWeRIhvfAkspRajeksAftrHylItwtidfedrhlikspRestfejrthpRhvydfAkssrvhsfwndrdAndWhzjethsthntinnyntInEtIsevhn.piRIhd.
326,..DeRaRshmgyzieRDAtrsEiGDisizDhfynhldhmpbivoRDhkRAS_.
327,.DEfelkamhyfhnletrlIkamh@DhkRAkshDizdisthm!piRIhd.
328,.bREtiSkhmkAnrbRAndslyksinklERinEkoRnHAvblUUmbhtkWRikhnhR!.
329,.WImRI?etrEtaRintRisthdinHAviGDhtRUsimHrj.piRIhhd.
330,.inaghst.kamh@EtphsifiktelhsisgRUp?Utht!mEdhsimhlrgeRhntIdtiDhkhm?UnhkEShnzWrkrzhvhmeRhkh.kamh_pRhvydiGtREniGfrnEphziShnzhvneshseRI.piRIhd.
331,.AtfoRtI?rzOldmistrWyiGizRelhtivlI?hGfoRHizjab.AndDAthpsetskalIzHUr?UzdtUhgRAjrhlik.pRhmOShnsisthmbEsnansInURId.
332,..DhkhmphnIsedDhgRUpsthmestikhntinrdAShnhlaprEShnzWhlbIsOldsepRhtlI!.
333,..IvinDhstEtHyrzpRyvhtRipeRmhn.piRIhd!.
334,..mistrHOlmzAkHOrthsetHIplAnztURIv?UDhstRAkcrhvvAlhgRI!.
335,.bhtHAviGtoktUhprRyhtIhvRiphblikhnzhbwtDishnRIShntWIks_ymkhnvensthtmoRoRWrIdhbwtDispeRhdaksHAvdektan.dhnphblikR@.
336,.WiTshpaRtIdivytidkamh@DhlibrteRhnpRezhdenchlvOtplhnjtitUHhndrdtWenIEtswzhninnyntInEtIfoRkamh@hDwtWhnHyfhnfoRT!itsnyntInEtItOthl.piRIhd.
337,.DhtUkhmphnIzhgRIdtUsethlDhkEsfrTRIbil?hndalrzinlyttisembr+.
338,..sethtfydAnsceRmhnbendshmhntsbIkrRytkamh@bOTtekshnzkamh_plOSrpIlpiRIhd!.
339,.DEg?UHhtshnfOlWan@tUfistI!AnAktrvtREdiG.piRIhd.
340,.mhstRAtvrzkAnt.tehlWeDrDI?UnhvrsWhlkspAndzrevr.pwrdbyhbigbAGhvOld.oRReDrhlshmdEkhlyApshnintUhhpakhliktikbUgkRhnc!.
341,.sOWhnHwrlIaprEtrWhzpRhmOtrdtifoRmhnDhtmEntEndanDIwrlIpErOl@piRIhd.
342,.nUmfedRhlRUlzRIkWyrdTRefs.tUgRAjWilIREzDAtlevhldipendikanhpRafhthbilhtI!OvDIindhstRI!.
343,.tREdrzhndsesDAtanikspektidinjhkShnhvlukWididIfRrminvesmhnttRasthn@hDrinsthtUShnzWhlHelppUstSeRpRysizlEtrinDhWIk!.
344,.WhnwtRUliGwtDhtDI?UeskrhnsIkuddiklynOvrtym_mistrlipskIivzzalhvhnsezHITiGksDhjeRIhzdilw@.
345,.pRyvhtsilvrikspoRtrzolsOHAvbhnolfrdensentrzthselDRsOvrtUDhbAGk.piRIhd.
346,..WyliglAlhjiGDAtphtenchlkamhshmWestjrmhntUhlmEkrzcEfhndrWestrnRIstRikShnzpiRIhd.
347,.DhlancHAdbhnplAndfrrlIrDis?iRbitWhsgRhbzbyDhspEstEjhnsIhbwtfyvtymzbikhzhvdizytAnd@hDrdilEz!.
348,.tREvOlAstmanTThgRIdinpRinshphltrselitsinlhndWotrtRAnsprtEShnstIvhdoRiGhnpytkAbRhkEShnbiznhsrzfrhnhndisklO.
349,.HyrintRhstREtsthvkoRskudbIofset.h@HyrinslEShn.
350,..ekhnamikAghnI!kamh@moRDhnRiflaRm.kamh@HAzpRadhdpOlhndtiletDhRipeRhmAntlUs.piRIhd.
351,.DhRIliGmytinkrijfrDrindhstRIkhnsalhdEShnkamh@hstElIHOldrsezpiRIhd.
352,.iHymDhsIInzaRbitrkamhbizhntInbAthlzmorhvakhtOzOvrjamhlhvkrEmaRWOlvenhlzshcstEdpRhfeShnz.piRIhd.
353,.WaciiGEkhmp?UtrHyfhndRivinDhlET.trn@RomedhlinsWrpRhsiZhnpaRtkamh_mistr+Embhn.khnsIdizDhRisk.piRIhd.
354,.hskliGksnhnfrDhnUkWIr@RE?hhlAtoREkhmiShnsUdTRIwndisydidtURIkWalhdishnhlmathlzhvitseRyhndyzhrzAftrREdIEShnlIksWrdiskhvrdAtfoRfhselhtIz.?UziGDOzmadhlz.
355,.DhkantRAktspRhvytivDhtDIinrjIdipaRtmhntWudkhvrkasts.kamh@plhshnAn?UnWhlfIIkhmplOzdhvhtjehntIdbEstkEmhnt.AndhphfoRvhs.DOnrs.piRIhd.
356,.DhWrkiGpEprzapShnzfrtyksIdhmplYtIbenhfitsinklUdid!limhtiinDIiksklUmhzhnOvimplYrpRhvytidHelTinSuRhns_hndtAfhtseRIhplAnbenhfits.
357,..HIWhzstrpthvHizpaRtItydhlzhndstaktwtkamh@Rip?hn_hpHhzlhkUAdmembrSipkadtifoRDhWEtiGtelhviZhnkAmRhs.
358,.DUcUvbhnhvpRhdhkShngOlznEd@hpfoRtEprsent.thfiftIpHrsentODhbanhs.semhkOhnt_sETDIilesthntenprsent.piRIhd.
359,..sepRhtlImUtIzinvestrzsrvhsinkoRprEtid_seditplEstsIes~Aks.AnditstRAnsprtEShnshbsitIeRIz~anRIv?UvRipashbhldwngREd_bikhzhvsIeseksizRIstRhcriGplAn!.
360,.!mOshbzevrznwssEmistrnOvAlIpEdtUmhcfrDhkhmphnIkamh_WicAdnOYlRizrmzhvitsOnpiRIhd!.
361,.AndshmcEnz.shcezHalhdEkoRprEShn.SeRiftinkoRprEShnAndHyAtHOtelzkoRprEShn_insest_DEWrlmEk.plynIhvRUmzhvElhbhlAbaRgin@RUts.
362,..DhkhnshlthnsnOtisthnhmiShninDhplAnsDhtnIDrDhkhmphnI!noRfedRhlReg?hlEtrzHAdspatid!.
363,.bhtAkrzkRedhbihtIHAzROtitUDhpynt_bAtifhnvE+pAmAndiRektrz.bhmgEdRetrvAkr.DEWOntet.DOzkhnseShnz.
364,..sOmhstrWAiGtelzpIphl?UzfiftI!.
365,.bysepdembrTrdIhTkamh@HIHAdREzWhnpYnthTRImil?hndalrz.dAS!sprniGfedrhlmAciGfhndzdAS.AndikspekstUREztUmil?hndalrzbytUzdE.piRIhd.
366,.DhHAvbininDI?UeshnsDIrlInyntInsevhnIzpiRIhd.
367,..AGgrdlhkUdhfiShlzkhnvInthDeRHykoRttijhjmistrAmrhvlAstshmrpiRIhd.
368,.mikdrmhtAnAmeaRhdifRhntsEghntshvDIYlHyfhnsrvisiz.biznhts.piRIhd.
369,.frmhnseltslogr!dItsAndbrnI+RipoRthdlIjYndDhkRwdhWolstRItHwsizkhtiGDeRnyntInEtIsevbhn@ybIemrniGzesthmhnt.
370,.sOtIpRezhdenchlkAndhdAtsREnjiGfrmkAmpttidikakiskamh_HUsIkshphlitikhlObhniGthDhstwT@.
371,..nOfrmplAnHhzbindivyvzbhtitiz~hndrkhnsidrEShntRIIRDhHOlstRhksr!.
372,.?UesekspoRttROzinhmhntbhtnatniRlIezmhcezimpoRts.
373,..DhmaRkitsthndhmAgnhfylhnUz.
374,..sensIcjInizDhblUpRintfrhpROtinkamh@DhdIfAktiznOntUithvaldhpROtinDAthfektsmeshlzpiRIhd!.
375,..kaRstaksWiklOzrtUnoRmOAzhvjAn?UeRIzrdIfrstkamh_WiTWoRdzothmOtrvRipoRtskamh_hndindhstRIstitisskhphblikEShn_kamh.RipoRtiGhsevhtIEtHyfhndE.shply.piRIhd.
376,.HwevrDIhDrhfiShlzkeRiktryzHizmesijAzlethstRyshnfOnIbilOnIhkwniGoRWIkhnkazkEoz.
377,.DhgOldkaRdfIWhzlAstinhnkRIstinsepthmbrrnyntInEthnfoR_tisikstIfyvdalrz.frmfiftIdalrz!.
378,.AzsynzhthstRoGmrIkanhmIhmrjHIAdzloGtrmRytsrlyklItidiTHyr_.
379,.DhnekstspRiGkamh@caRtrkhmphnIkamh@hnhDrbigindipendhntkamh_endrcAptrilevhnpiRIhd.
380,..Hwevr+AzshgjhsthdlEtrinDIaRtikhl+DIimplYrmEvRispandWiTEWokwt.Anddiskhntin?UhnshvpE!.
381,..DhliprhhlslostDhphlithkhldhbEtanWeDrtifhndDhkantRhs.piRIhd!.
382,.DhbigSUizgOiGtidRaphnRIsIvhtREdnhmbr_.
383,.stoRIzhvDhleftWiGAntekshvbRithnzlOkhlghvrmhntHAvhpiRdinDhbRitiSpRAsfrsevRhl?rz.
384,.pap?hlhsmIdiGzHAdhRivyvhlhsflEvrWiTbAnrzrjiGpIphltUvOtezDEpREd!.
385,.bigrlOnzhndlOrtAkshzrdRyiGfiftInTwzhnrkrzh?iRinthlIghlyzdpRyvhtsrvisiz.piRIhd!.
386,.byhtbOTkhmphnISudbethfHAdfhmhnhptrninDIYlhmAcRhlgAsbiznhs.piRIhd.
387,.hndAftrtUvizitsfRhmimhgREShnhfiShlzkamh_fyndzhvtUHhndrdfifdIdalrzthtUTwzhndalrzpRlIghlimhgRhntWhlbilevIt.piRIhhd.
388,.thdEHIsez.DIAthtUtiz.yTgatmyjab.hn?Uvgat?uRIh!.
389,.itmEbIDhtaRstRhkcr+AndmOthplhsitIhvkoRprEShnzizhnDhmOsdifektivfoRDhf?Ucr_.
390,.DhpIiGkSIt.hdRhgindhstRItREdletr_RIpoRtidDisWIkDAtmrkhtWenIEtTwzhn~AplhkEShnzfrDIOpknd!.
391,..HAzsynzvhtstRhGgrtIkanhmIimrjkamh@HIAdzkamh_loGHyfhmtrm@REtsaRlyklItUdRiftHyr_piRIhd!.
392,.mistrbenitskalfrmAndhtoRItASTiGHyzhntbhnhndoRstbyDhWytHws.piRIhd_.
393,.mistrRabrtshnkhnbestbIendrstednatizhn?Ufig?rinDhkhnsrvhtivlUvmhnt_bhtAzDIeRhvDhpap?hlisshndfaDrkaflhn.
394,..EpekshzsIkRhstIAnhgResivniskEmbAktHhntidAftrhtprchstkaRkpiRIhd!.
395,.IIldRAnhnjmhnt!izhnolbAdfrkhnsrmO@.
396,..frshcgRUpREtkhbrij+implYrzkhncaRjDhfoRmrWrgrzAndDeRfAmlIzDEabRijkasthvpRhvydiGDhHelTbenhfits_plhshtUprsentAdministREtivfI!.
397,.DI@hDrHizDAtWISudHAvDhsrplhsbhlWId.
398,._DEfil!kamh@ofthnlitrhlI!kamh@DhkRAkshnDhsisthm.piRIhd!.
399,.?UziSElIzaRbIhziShnz.
400,..HiskRhdenShlzshgjRestidDhtDhsOvIetsmytHaRbrmoRintRisthndhplamhsIDhndRIlistEt!.
401,.!bhtifitfElzkamhDhsemitkamh@WichpRUvDIhmendbhntbyhtUtUWhnmaRjhnrlIrDis?iRkamh_WhldapDhspItHyfhnlimhtpRhviZhnpiRIh.
402,.DhgEtshnkloRhdoRRzrdizyndfrstmalreRkRAft_.
403,.HwshfREzrhgRIdWenzdEthbymistrHOmzhklaRtsWhnHhndrdtWenIshvhnpYntnynTRIbil??hnsiRzSetRzkamh@DhkoRdiGtisIrz.piRIhd.
404,.DEvlrndhvhbukdistRib?htiditinhDrbrOkaljesIztRImskrthbwtlithlbYHUcAlhnjizsekshzhnbydResiGezhgrhl@.
405,.bhtskoRzhvsmolrstaksROzAndsevRhlhvDhbigrdnASnhlmaRkitsisthmpiSUz.mAnijdgEnzizWel@bikhzhvEkyntWrdfrmhnAnhlhst.
406,.bhtiWhzhnthmIdIhtlIkliRivthbilWudAntEkOvrspek?hlEShnhbwtbEtnHhtsh.
407,..bhtIsedinAninrv?UlAsWIkedIkunREzfyvHhnrdmil?hndalrzpRIfAstthprsUvinAkWhziShn!.
408,..DidrlOnzhnlOrtAksizaRdRiGfiftIInTwzhnWrkrzh?iRintUlIghlyzpRyvhtsrvhsiz.piRIhd.
409,.pAnwnizkliRlIbAGkiGadetiGDOskkhnsrShnzDis?i+hndigzek?hthvAthnhDreRlynsOz.
410,.DhbiginiGhvAnIshlUShnhtsfoRRonhldREghntUlukhnDhmer.AndhtmetDhtDisWhdshmhtstEt.iRIht.
411,.bRitiShplyhnsmEkrzHAvloskRwntthkatnenhl?uRhpIhnzRUimistAbliSthRepthtESiGfoRdizynhndkWalhtIstAnrdz!.
412,.jenrAlIhfiShlzWrthmIIlIhvElhbhlfrkamentpiRIhd.
413,..ifDIshmhntinynprsAnWrdI?UzOnlIWhndhzhnWrhmzanevRItRhp+kamh@DEWudUzolmhstendil?hnWRmz~evRr?iR_piRIhd_.
414,..HIhdhDr?UesindhstRIlIdrzinsestkamh@DOkamh_DAtimpoRtsSudbIshbjekttiDhsEmthgRIivsgRUdlIpiRIhd.
415,..HyrintRistREtskamh@hvkoRskamh_kudbIofsetbhHyrinlEShn!piRIhd!.
416,..HIolsOsez_DIhToRhtIzmInWhtDEsE!DhtbEWhlnatstAndisydiletkrhnsIzRIcn?UlOzpOsdilekShn!.
417,.mistrsimhntskudhnhmItIlIbIRIctfrkament!.
418,..AlIsttUHhnrdEtITwzhnd!nwfiksTiGzanDeRwn.piRIhd!.
419,.EspOksmhnfrDhnUklIrReg?hlrtoRhkhmiShnsedTRIAmdisydidtURikolhdiSnhlmadhlzhvitseRyhnyzrz_AtrREdIEShnlIksWrdiskhvrdAtfoRfhsilhtIz?UziGDOzmadhlz.piRIhd!.
420,..AnEes~EskAjOlthvDilanchvDhspEShthldiskhvrIfrseptembrtWenInynt_.
421,..DIadIOhn@othmObilindhstRIzaRntTIlIWhnshtHAvletrlIhdvAnijizhnteknalhjIoRdizynslbilE!piRIhd!.
422,.michlHeld+hndhkanhmhstitsnizbaRnIHeRhshphmAndkhmphnI.TiGksnistrgRInsbAndWantstistAbliSizkRhdenchlzezhninflEShnfytr+.
423,..AndDhpResekRhteRItiDhministrhvkUm?UnhkEShnzhndinfrmEShnHAzRIspandhtinUmrhskRithsizhmz.
424,.DRIoRghnhzEShnWnhlwRicigzistinkamhnSeRthbIkhnvrdhdoRIhTrdIHyfhndEtpiRIhdT.inthtUpYntsevhnsyvklAsitSeRz.piRIhd!.
425,..?etDhbhndhspOOst.izbindiG@hvrbAkWeRtikhmplyWiT?UesdhmwntzfrmoRAkses.piRIhd!.
426,.AsetsmynhslyhbilhtIz.ikspResteshprsenijhvtOthllyhbilhtIz.
427,.DeRAvRij~esthmhtSOzDIikanhmIikspAndiG.AtETRIpYntWhn_prsentAn?UhlREtinlhjhnhly_Hyfhn.tU_Hyfhn.septemrpiRIhd_kamh@AftrhjhstiGfoRinklEShn.piRIhd!.
428,.mistrkalinzlrndhthnOWhnzkoRniGdiviShnWiTRidUsiGitstAT_hndWudnIdwtsydHelpthpRhdUshn?Uzletr_.
429,.!DismInzDAtfrmistrd.d@hpbhthdetItUhkRIsHhzstEkbyfiftInprsent_membrshvmistrhlyshnsgRUpWudHAvtiselthHem.
430,.stRoGgrpamYlpRyshtsHelptWYlpRyshtzfrm.Anhlhstsed.
431,.bhtnwnsDAkkhmpazhthndyhkshvfoRTwzhnsiksHhnrdTrdIEtsstaks.klOzdR.TRIHhnrdzsevhnIfloRpYntsiksfyv_dwnziROpYntWhnsiks.
432,..bhtDeRzhnyglIsydtUWhtskOinaninWOkhlghvrmhntDhdizrvzklOzrhtenchn!.
433,..AtsWiTDhResthvDhRUSImHwevr.DeRydIalhdjUdbIkEmkhntAmhnEtid.RDhtrmhvkrApShn!.
434,.natOnlIdidikanttRAktstindemhDhfyDhWepmhnzdrnthndfAkcrrrvzkamh_DEolsOthntEndinsenizklazhzDhtRIWoRdhdpRhdhkShnWiTwtRIgaRdtUDIinvyRhntDht.kamh@sEfDI!AndHelz.piRIhd.
435,.pIRAfbeRIzhksIdzmistrkhniRinlaSiGtlhnezhvyspRezhdent!.
436,.WItf?UcrzWrshpoRthdbykhnsrnDhtWIkmEbIvalnrhbhl.ifkOldsnAphfalODispAstWIkenzWoRmT+Anhlhsed.
437,.izembIEolsOrkshmkalIgzHUaRkudtencUhshvfoRhnkanseps.hspeSlIDOzDhtmEktimWrkHaRtr+.
438,.DhdRapWhzdisoRhvDhdElIprmitidlivithvTrdIsenshbluShl.piRIhd.
439,..tREddefhsitsWIkhnDhdalr+AzDEdidlAstWIk!hndiDhSoRtRAnhWIkrdalrmhnzmoRHelpfRekspaRts!.
440,.sOlfynhlI.DhWeRIdnU?oRkrHAdrzblhdtesthdfoRevhdhdzhvDIEdzvyvRhs.
441,..pEnWAbrsmizmhglEdsethspeShlphmOShnbUstid?iRrlIrsElzsignifikhntlImEkhnAtHaRdtUhcIvgEnzindilEthstpiRIhd!.
442,.DEnOtidDAtkhnsIvrrzmEHhvsthpdhpDeRprhchsizlAstmhhTinoRdrtibIEbhltUdidhktDhsElztAksanDeRnyntInEtIsikstAksRitrnz.piRIhd.
443,.DhstEtgevrmhntignaijDhtAkspErzkudlUzizmhcezWhnHhnrdmil?hnhstRElIhndalrzOvrRwTWelz.piRIhd.
444,.mhskUrdistRhfIHhzbAfhlsytistevrsinjjIEbIdUkEn.frstRAkhgnrzDhdisoRdrinWhnTwzhEtHhndrd.
445,.DhkasthdAnhmhz?UzdinRIsrcRepRizensOlIWhnprsenttitUprsenthvtOthlkosthRI.
446,.DhtRyzdbylakhsOnI!kEmAftrdDhfoRmrhfynAnsminhstRIinrztURyvhlzWrdebloktOvrHUSudbIdnEnpRezhdent.hvDhRUliGlibRhldhnhkRAdik.paRtId.
447,..WIjistgetigudsyinDAtmhkitbhlRIspand+.
448,.sepRhtlIkamh@mUvIzinvestrzsrvIhsinkoRprEtid.sedidplEstsIesAksAnditstRAnstprtEShnshbsidIeRIhz_onRIv?UhfrpashbhlbwndREdbikhzhvsIesekshzRIstRahkcriGpleR.piRIhd!.
449,.HIsedHIWudRIOphnnASnhlhseblIdhbEthnkanshtIShnhlRIviZhnkamh_WicinEpROlHIetshspendidinthAftrDhnyntInEtIEtilimpiks.piRIhd!.
450,.?IldmAnijmhntizAtolbAdfrkhnsUmrz.piRIhd.
451,.AtHOmDhprmhnhnssekRhteRIhvDhminhstRIhvkhm?UnhkEShnzhninfrmEShnHAzRIm?UpthIhmeRhkhnbiznhskwntpRd.
452,..nwDerdiWytidtUHAvkantRhshpoRtrzdRygTRUDhmuRAshvDhlIghlsisthm.piRIhd.
453,.bhtskoRzhvsmolrstaksROzkamhAndsevRhlhvDhbigrnASnhlmaRkitsisthmiSUzmAnicgEnzezWelkamhbikhzhvhkyndWrdfrmhnAnhlhstpiRIhd!.
454,..HIAdhDr?UesindhstRiIlItrzhnsistsOO_DhtimpRcudbIshbjAktthDhsEmdigRI.
455,.sIbh@hgRIdtURemhdIdIOvrsyt_.
456,.nyDrdidbelgRUphfiShlzinlendhn.piRIhd!.
457,.mistrbIzlInwsezHIswtDIhkwniGcEnjizbikOzWiTwtDhmitWhzkliRDitsinrhlEtrWIWuditAkspeRmhnI!.
458,.shcjabzrsIinAzDhplhmhvDIindhstREbikhzhvmrksikstenshvlynhvpRadhks..
459,..koRiGfrdishmbrdilevRIklOzdhttUdalrZhnEtIfoRsenshbuShlkamh_dwnsikspYntfyvsenshpuShl.piRIhd!.
460,.ifDhsOvIetsdisydicEnjDhnEcrhvDhmiShn_DEnwHhvDhRytgyHiR_sezDIizRElIhviShl@.
461,.EjIedWrts.ezAdofhnHAzdriGDhpAst?iR_DhsEmtlUisfhmSOdhpitsnynnU?oRkhmpetitrzinDhlEthr.sIhd.
462,..DhpylhthndhmeRhkhnhndtUADrzhboRddytidvh!.
463,.nw@kamh@DhsoRshsE!kamh@mistrlinnrHizkhnsidriGmEkiGHizOnbidoRjYniGWiTDhnhDrSeRHOldr~oRgRUphvSeRHOldrzanhbid.piRIhd.
464,..AfDhsEmtymkamh.hgResivikspenchnhbRoodHAzmEdDhmOstsWishvsWesbAGkshglObhlklr+piRIhd!.
465,.WylignalhjiGDAt.phtAnchl!kamh@shmWestjrmhnttUhlmEkrzcEf.hndrWestrnRIstRikShnz.piRIhd!.
466,..Hwevr+inlythvDhstEksoRRidIHeldbyDhveRIhstfAkShnz_OlIhbwttenprsent.dhv!jenrAl.d@h@beljIks~SeRzhpiRtibIhvElhbhlanDhmaRgit.
467,.ifsODhninkRIsiGDhkastURIsrjAnhmhlSudAkSlIRidUstDhbildhphblikpEzfrAmhlRIsrc!.
468,..HIHAdbinsIn?rvyspRezhdenthWaSiGthnaprEShnzfrDhdifetskantRt.
469,.DhWrIzaRhvtUkyhnz.
470,.IvinDhstEtHyrzpRyvhtRipeRvhnt.piRIhd.
471,._DhbyyplAnizkhntenShnt+anAlhgEnIRisIviGDAtWEvr.piRIhd_.
472,.HizemdIEolsOrkshmkalIgsHUrkhntemcishvfoRhnkanseps_hspeSlIDOzDhtmEkhvmoRk@.
473,.DhspOksmhnsedHIdidinprsnlIAndtrphtDhmUvezhgResivkamh.nOdiGDAtDI.tUgRUpcHAvHAdhloGpiRIhdhfRentlIRIlEShntpiRIhd.
474,.AndDEbakhDIhpROt?UzdinmIdinphltRIplAntsdASkhntin?UhshnspekShnhvprdhkShnlynzpiRIhd.
475,.DhkhmbyndbiznhsizDhkwnidfoRtUHhndrd.TrdIfyvmil?hndalrzHAvtREbOz~EtHhndrdnyntITRImil?hndalrzinnyntInEtIfyvRebhn?U.
476,.DEjhtAkinkoRprEtidzspoRtrz.kudhnkhnsAndDhmselvz.piRIhd.
477,..nwkamh@WhtevrDeRdRolbAkshnRIllyf!kamh_WimpsinfikShn@aRnatnhshseRhlIbAdTiGzpiRIhd!.
478,..WiTTrdImil?hntelhfOndzkamh@WestjrmhnIRAGksbiHyndOnlIDI?UesAndjAphnIzfanaRkits.piRIhd!.
479,.inmEkamh@hvfedRhlkoRtdismisthnAnItRhstsUthgenstaRcrHyfhndAn?hlz.stemiGfrmhtsnyntInEtItUhgRImhnthlIshdiSnhlkoRnHyfhnmiiGplAnts.piRIhd.
480,.edWrctenshzshlAkDhstakshvROltUWhzmokamphnIz.osOnatWydlIfalOdanWolstRIt_DedbItRhdiShnhlvAl?UkRyttiRIh@.
481,..DisizHhspeShlItRUinDhWrkup.bRitiShnavrhstskamhAndIvhnkamh@pRIvIhslEtkamh.inDhWrkhvWil?hmbYd.piRIhd.
482,..ifDIivzsevhntInynpRrsentWrtUzOnlIWhndhzhnWyrmzanevRItRekkamh_DEWud?Uzolmhstenbil?hnWrnzevRI?iR!piRIhd!.
483,.itizEphniSiGkamh@AndofhndishpYniGikspeRIhspiRIhd.
484,.hTDIhmenmhntpAshzkamh@iWhlbIinkoRprEthdindhDhHyWElejhslEShn!piRIhd!.
485,.hbwtWhnpYntfyv!dil?hndalrzhv.DAt.HizanDrRIvU.piRIhd.
486,.DhtrniGpYnttEmhntnyntInsevhnIEtkamhWinDhslEmizWhnhkAzlhk?UzoRghnhzEShncAmbIhnSippiRIhd.
487,._dhzhnzhvshksesfhlbiznhsbenHAvswnHaRtbREkhnWoSiGthnkamh.hdmedIhvDhmHAzmEdmhstEkshmoRtidanRIghmz.piRIhd.
488,..dhbhlkWOt.WhteRhtEdsmE!kamh@dhbhlkWOt.sezmistrRId!kamh@dhbhlkWOt_izDAtWIdidhnhpOzDhbrliGthnnoRDrnmrjrz.piRIhd.
489,.DeRaRindhkEShnzDhtsElzrslOiGdwn!bhtkhnsUmrkReditsrjdhpWRdinhd.
490,.mhstRatrsEDhtDIrTsfEtizsIld.
491,..dhstEtghvrmhntsinSuRhnsaRmendhstEntHyfhnOndbAGkolsOHAvinvesmhntsindRwTWelzhksIdiGWhnHhnrdmil?hnhstRilIhndalrzpiRIhd.
492,.WiTTrdImil?hntelhfOndzkamh_WescjrmhnIRAGksbiHydOnlIDI?UeshnddAphnIzfOnmaRkits.
493,.Dhn?UceRmhnnOzDhtizilitikhlkhnekShnzmEkshmmaRkitprtishphntshspiShsDhtHIWhltRydhsdimilikDIikanhmIthHelpjIlpIkAnhdEtsnekst?iR+.
494,..nwhsIbEztRyGtUmEkhmenz.
495,..AdfoRtI?rzOld.mistrWEiGezRelthvll?hGfrzjab.AndDAthpsetskaliGsHR?UzdtUhgRAjUhlpRhmOShnsisthvbEstahi!.
496,.DhstEtcEmgrhvkamrskamh@WicWhnsbAktsikstIEtkamh@sWictOvrthsevhnITRIhbwttUmhnshgO.piRIhd.
497,..WrsIGORispanshDhRydrhkShn_bhtitskliRlItemprdbynAcRhlkhnsrvhtezhtRytnO@.
498,.ininhkEsDeRaRpRablhmhzWiTDhsmUtRAnziShnTIshz.
499,.RiGHyfhnlIdrzaRnsshmleROlIfyr..piRIhd.
500,.DIAvRijmaRkitdiklymfrDhsebshkRhnkWoRtrhndDOzkEshz.Whzhbwtsevhnprsent.piRIhd!.
501,.EHwshfREzrspOksmendidtRItrnvOkaz?estrdI.piRIhd!.
502,.hmhG~DhmEjrAsets.kamh.tenhkOz~AndrkIRizrvzkudbIWrshbwtfyvbil?hndalrz.kamh_mistrgEnz.TiGks.
503,..mistrblandkud?UzDhloGROHOldiGtiigzrtinflhlhnsanisbiznhs.piRIhd!.
504,.AbhjOzhvkOhn.hpoRtfolIestRAtijisthtdRekshlbRithmlAmbr.sezDhlAsinhbil?hnTRIAkShnhzhntyrlIhndkIpiGWiTDhnIlUdanWolstRI.
505,.fyvtOin?iRzfrmnwDhzshnWhlslOlIslwDIrDhnIH?Ucfyrbol@.
506,..kRisthnSWRitsHyfhnsOliGkamh@DhpOsthlministr!kamh_bReshlzAtshgjesthnzDhtshckRitisizhmledtiDhdidsiZhntidismAnthlDhmhnaplI.piRIhd.
507,.dhbhlkWOtDEHAvhtssedDEintendUREsrstEkenIfrDrkamh@dhbhlkWOtHIsed.piRIhd.
508,..frtWentIminitskamhDhtUgRipsfEst@ofrmaphsAtsydzhvDhstRItkamh_AzhHAnfhlhvtelhviZhnkRUzhndfoRhnjrnhlhstsrkoRtidDisIn.piRIhd.
509,.hTRists.mhstnEmtEnhllevhlivnentWrhsthtrzhglIstTRIkrsenthvDeRlyhbilhtIz.
510,..itinvytidRezhdhntsthjYnthkhmitItieRDeRgRypshginstDhkhmphnIAndhskhsshlUShnz.
511,..sOmistrWAGktelzpIphlHIisRd.
512,..mIntymkamh@mistrmhkaRtDIizrplEsiGkU?Un?hnhfiShlzkamh_implUtIhtsjenrhlkwshlhndsevhnhgOSIEtrzpiRIhd!.
513,..dhbhlkWOt_WibhntlukitWhtshvElhbhlinDhstoRIzhndsEt.kOlhn+siGghlkWOtHEkamh@DistoRluksigzAkWilyklyklalht.piRIhd.
514,.inRIshnt?rzHIizinvestidinjIEeTkoRprEShnAndlhWIzIAnhlAnhneksprEShnkhmphnI.hmhG@hDrzWiDwtbEdiGtUhkWyrDhm.
515,..itinbytinvRezhdentstijYnhkhmhdIti~eRDeRgRypshgenstDhkhmphnI!AndtiskhstshlUShnz.
516,.menIWontthstoRmhtAGkAndtEk?htlRI.
517,..mistr+ezIIzhfoRmriGgliStItjr_izhdAptikhlivriGstREttokWiTdiplhmytiksmylzDAtsofhnDhHaRSnhshvHizWeRdz.
518,.AnddipaRtmhnthvHelThn?UmhnsrvisizhfiShlzHAvspOkhnhghnstmindhtoRIdtestiG_kamh_hkWRIintijEmzbRwndkamh_AfpOksmhn.frDhphblikHelTsrvhs.piRIhd_.
519,.koRnf?UcrrzRiSIvdshmstRiGT.anikspektEShnDhtDIAgRkhlcrdipaRtmhntWudREzsOvIhtimpoRtfoRkAsts_Anhlhs.
520,..DwtWudbIolfrmElhTaRjikWhnpYntsevhnprsentpEsesthmEtidfrDiskWoRtr.piRIhd.
521,..dhbhlkWrt_dOnanDresthmEthskamhdhbhlkWOt.sUznAmjE~I!kamh_DhceRmhnhvDhdenhkRAtikjistspaRtIzpalhsIthmitI.piRIhd.
522,...mistrHamzhkaRtsedHIplAnztRIvIhDhstRhkcrhvbelgRUp.+.
